Country,Initials,Year,0-15,16-30,31-45,46-60,61-75,76-90,ET,Yellows,Reds
Algeria,ALG,1930,,,,,,,,,
Algeria,ALG,1934,,,,,,,,,
Algeria,ALG,1938,,,,,,,,,
Algeria,ALG,1950,,,,,,,,,
Algeria,ALG,1954,,,,,,,,,
Algeria,ALG,1958,,,,,,,,,
Algeria,ALG,1962,,,,,,,,,
Algeria,ALG,1966,,,,,,,,,
Algeria,ALG,1970,,,,,,,,,
Algeria,ALG,1974,,,,,,,,,
Algeria,ALG,1978,,,,,,,,,
Algeria,ALG,1982,1,0,2,1,1,0,0,2,0
Algeria,ALG,1986,0,0,0,1,0,0,0,2,0
Algeria,ALG,1990,,,,,,,,,
Algeria,ALG,1994,,,,,,,,,
Algeria,ALG,1998,,,,,,,,,
Algeria,ALG,2002,,,,,,,,,
Algeria,ALG,2006,,,,,,,,,
Algeria,ALG,2010,0,0,0,0,0,0,0,8,2
Algeria,ALG,2014,0,2,1,1,1,0,1,6,0
Angola,ANG,1930,,,,,,,,,
Angola,ANG,1934,,,,,,,,,
Angola,ANG,1938,,,,,,,,,
Angola,ANG,1950,,,,,,,,,
Angola,ANG,1954,,,,,,,,,
Angola,ANG,1958,,,,,,,,,
Angola,ANG,1962,,,,,,,,,
Angola,ANG,1966,,,,,,,,,
Angola,ANG,1970,,,,,,,,,
Angola,ANG,1974,,,,,,,,,
Angola,ANG,1978,,,,,,,,,
Angola,ANG,1982,,,,,,,,,
Angola,ANG,1986,,,,,,,,,
Angola,ANG,1990,,,,,,,,,
Angola,ANG,1994,,,,,,,,,
Angola,ANG,1998,,,,,,,,,
Angola,ANG,2002,,,,,,,,,
Angola,ANG,2006,0,0,0,1,0,0,0,11,1
Angola,ANG,2010,,,,,,,,,
Angola,ANG,2014,,,,,,,,,
Argentina,ARG,1930,4,3,1,4,1,5,0,0,0
Argentina,ARG,1934,1,0,0,1,0,0,0,0,0
Argentina,ARG,1938,,,,,,,,,
Argentina,ARG,1950,,,,,,,,,
Argentina,ARG,1954,,,,,,,,,
Argentina,ARG,1958,1,0,0,2,0,0,0,0,0
Argentina,ARG,1962,1,0,0,0,0,1,0,1,0
Argentina,ARG,1966,0,0,0,1,1,2,0,3,2
Argentina,ARG,1970,,,,,,,,,
Argentina,ARG,1974,1,3,1,2,2,0,0,8,0
Argentina,ARG,1978,1,2,2,2,4,1,2,5,0
Argentina,ARG,1982,0,2,0,3,0,2,0,7,2
Argentina,ARG,1986,2,2,2,5,1,2,0,12,0
Argentina,ARG,1990,0,1,0,0,2,2,0,24,3
Argentina,ARG,1994,1,2,1,1,1,0,0,9,0
Argentina,ARG,1998,0,2,3,1,1,1,0,11,1
Argentina,ARG,2002,0,0,0,0,1,1,0,6,1
Argentina,ARG,2006,2,1,3,1,0,3,1,12,0
Argentina,ARG,2010,1,1,2,1,0,4,0,7,0
Argentina,ARG,2014,2,0,1,1,1,1,1,8,0
Australia,AUS,1930,,,,,,,,,
Australia,AUS,1934,,,,,,,,,
Australia,AUS,1938,,,,,,,,,
Australia,AUS,1950,,,,,,,,,
Australia,AUS,1954,,,,,,,,,
Australia,AUS,1958,,,,,,,,,
Australia,AUS,1962,,,,,,,,,
Australia,AUS,1966,,,,,,,,,
Australia,AUS,1970,,,,,,,,,
Australia,AUS,1974,0,0,0,0,0,0,0,2,1
Australia,AUS,1978,,,,,,,,,
Australia,AUS,1982,,,,,,,,,
Australia,AUS,1986,,,,,,,,,
Australia,AUS,1990,,,,,,,,,
Australia,AUS,1994,,,,,,,,,
Australia,AUS,1998,,,,,,,,,
Australia,AUS,2002,,,,,,,,,
Australia,AUS,2006,0,0,0,0,0,4,0,11,1
Australia,AUS,2010,1,0,0,0,2,0,0,7,2
Australia,AUS,2014,0,1,1,0,0,0,0,6,0
Austria,AUT,1930,,,,,,,,,
Austria,AUT,1934,1,1,1,2,0,0,2,0,0
Austria,AUT,1938,,,,,,,,,
Austria,AUT,1950,,,,,,,,,
Austria,AUT,1954,2,5,3,2,1,2,0,0,0
Austria,AUT,1958,0,1,0,0,1,0,0,0,0
Austria,AUT,1962,,,,,,,,,
Austria,AUT,1966,,,,,,,,,
Austria,AUT,1970,,,,,,,,,
Austria,AUT,1974,,,,,,,,,
Austria,AUT,1978,1,0,0,0,1,3,0,2,0
Austria,AUT,1982,0,1,0,2,2,0,0,6,0
Austria,AUT,1986,,,,,,,,,
Austria,AUT,1990,0,0,0,1,1,0,0,9,1
Austria,AUT,1994,,,,,,,,,
Austria,AUT,1998,0,0,0,0,0,2,0,6,0
Austria,AUT,2002,,,,,,,,,
Austria,AUT,2006,,,,,,,,,
Austria,AUT,2010,,,,,,,,,
Austria,AUT,2014,,,,,,,,,
Belgium,BEL,1930,0,0,0,0,0,0,0,0,0
Belgium,BEL,1934,0,1,1,0,0,0,0,0,0
Belgium,BEL,1938,0,0,1,0,0,0,0,0,0
Belgium,BEL,1950,,,,,,,,,
Belgium,BEL,1954,1,0,0,0,2,1,0,0,0
Belgium,BEL,1958,,,,,,,,,
Belgium,BEL,1962,,,,,,,,,
Belgium,BEL,1966,,,,,,,,,
Belgium,BEL,1970,1,0,0,1,0,1,0,2,0
Belgium,BEL,1974,,,,,,,,,
Belgium,BEL,1978,,,,,,,,,
Belgium,BEL,1982,0,1,0,0,1,1,0,3,0
Belgium,BEL,1986,1,2,2,2,1,1,2,8,0
Belgium,BEL,1990,1,2,0,2,1,0,0,2,1
Belgium,BEL,1994,2,0,0,0,1,1,0,6,0
Belgium,BEL,1998,1,0,1,1,0,0,0,4,1
Belgium,BEL,2002,2,0,0,1,1,2,0,6,0
Belgium,BEL,2006,,,,,,,,,
Belgium,BEL,2010,,,,,,,,,
Belgium,BEL,2014,0,0,0,0,1,3,2,7,1
Bolivia,BOL,1930,0,0,0,0,0,0,0,0,0
Bolivia,BOL,1934,,,,,,,,,
Bolivia,BOL,1938,,,,,,,,,
Bolivia,BOL,1950,0,0,0,0,0,0,0,0,0
Bolivia,BOL,1954,,,,,,,,,
Bolivia,BOL,1958,,,,,,,,,
Bolivia,BOL,1962,,,,,,,,,
Bolivia,BOL,1966,,,,,,,,,
Bolivia,BOL,1970,,,,,,,,,
Bolivia,BOL,1974,,,,,,,,,
Bolivia,BOL,1978,,,,,,,,,
Bolivia,BOL,1982,,,,,,,,,
Bolivia,BOL,1986,,,,,,,,,
Bolivia,BOL,1990,,,,,,,,,
Bolivia,BOL,1994,0,0,0,0,1,0,0,8,2
Bolivia,BOL,1998,,,,,,,,,
Bolivia,BOL,2002,,,,,,,,,
Bolivia,BOL,2006,,,,,,,,,
Bolivia,BOL,2010,,,,,,,,,
Bolivia,BOL,2014,,,,,,,,,
Bosnia and Herzegovina,BIH,1930,,,,,,,,,
Bosnia and Herzegovina,BIH,1934,,,,,,,,,
Bosnia and Herzegovina,BIH,1938,,,,,,,,,
Bosnia and Herzegovina,BIH,1950,,,,,,,,,
Bosnia and Herzegovina,BIH,1954,,,,,,,,,
Bosnia and Herzegovina,BIH,1958,,,,,,,,,
Bosnia and Herzegovina,BIH,1962,,,,,,,,,
Bosnia and Herzegovina,BIH,1966,,,,,,,,,
Bosnia and Herzegovina,BIH,1970,,,,,,,,,
Bosnia and Herzegovina,BIH,1974,,,,,,,,,
Bosnia and Herzegovina,BIH,1978,,,,,,,,,
Bosnia and Herzegovina,BIH,1982,,,,,,,,,
Bosnia and Herzegovina,BIH,1986,,,,,,,,,
Bosnia and Herzegovina,BIH,1990,,,,,,,,,
Bosnia and Herzegovina,BIH,1994,,,,,,,,,
Bosnia and Herzegovina,BIH,1998,,,,,,,,,
Bosnia and Herzegovina,BIH,2002,,,,,,,,,
Bosnia and Herzegovina,BIH,2006,,,,,,,,,
Bosnia and Herzegovina,BIH,2010,,,,,,,,,
Bosnia and Herzegovina,BIH,2014,0,1,0,1,0,2,0,3,0
Brazil,BRA,1930,0,0,1,0,3,1,0,0,0
Brazil,BRA,1934,0,0,0,1,0,0,0,0,0
Brazil,BRA,1938,0,3,2,1,4,2,2,0,2
Brazil,BRA,1950,2,3,4,5,4,3,0,1,0
Brazil,BRA,1954,0,2,2,0,3,0,0,0,2
Brazil,BRA,1958,3,0,3,3,4,3,0,0,0
Brazil,BRA,1962,1,1,2,4,3,3,0,0,1
Brazil,BRA,1966,2,0,0,0,2,0,0,1,0
Brazil,BRA,1970,2,4,1,3,5,4,0,4,0
Brazil,BRA,1974,1,0,1,2,1,1,0,11,1
Brazil,BRA,1978,2,1,2,1,3,0,0,9,0
Brazil,BRA,1982,2,1,2,1,7,2,0,2,0
Brazil,BRA,1986,1,1,1,1,2,2,0,3,0
Brazil,BRA,1990,0,0,2,0,1,1,0,7,1
Brazil,BRA,1994,0,1,1,2,4,2,0,8,1
Brazil,BRA,1998,4,2,1,3,1,1,0,12,0
Brazil,BRA,2002,3,0,3,4,4,2,0,7,1
Brazil,BRA,2006,1,0,3,3,0,3,0,11,0
Brazil,BRA,2010,1,1,2,3,2,0,0,9,2
Brazil,BRA,2014,1,3,1,1,1,3,0,14,0
Bulgaria,BUL,1930,,,,,,,,,
Bulgaria,BUL,1934,,,,,,,,,
Bulgaria,BUL,1938,,,,,,,,,
Bulgaria,BUL,1950,,,,,,,,,
Bulgaria,BUL,1954,,,,,,,,,
Bulgaria,BUL,1958,,,,,,,,,
Bulgaria,BUL,1962,0,0,0,0,1,0,0,0,0
Bulgaria,BUL,1966,1,0,0,0,0,0,0,3,0
Bulgaria,BUL,1970,2,0,1,1,0,1,0,0,0
Bulgaria,BUL,1974,0,0,0,0,1,0,0,2,0
Bulgaria,BUL,1978,,,,,,,,,
Bulgaria,BUL,1982,,,,,,,,,
Bulgaria,BUL,1986,1,0,0,0,0,1,0,3,0
Bulgaria,BUL,1990,,,,,,,,,
Bulgaria,BUL,1994,1,0,0,0,3,3,0,23,2
Bulgaria,BUL,1998,0,0,0,1,0,0,0,8,1
Bulgaria,BUL,2002,,,,,,,,,
Bulgaria,BUL,2006,,,,,,,,,
Bulgaria,BUL,2010,,,,,,,,,
Bulgaria,BUL,2014,,,,,,,,,
Cameroon,CMR,1930,,,,,,,,,
Cameroon,CMR,1934,,,,,,,,,
Cameroon,CMR,1938,,,,,,,,,
Cameroon,CMR,1950,,,,,,,,,
Cameroon,CMR,1954,,,,,,,,,
Cameroon,CMR,1958,,,,,,,,,
Cameroon,CMR,1962,,,,,,,,,
Cameroon,CMR,1966,,,,,,,,,
Cameroon,CMR,1970,,,,,,,,,
Cameroon,CMR,1974,,,,,,,,,
Cameroon,CMR,1978,,,,,,,,,
Cameroon,CMR,1982,0,0,0,0,1,0,0,4,0
Cameroon,CMR,1986,,,,,,,,,
Cameroon,CMR,1990,0,0,0,0,2,2,2,14,2
Cameroon,CMR,1994,0,0,1,2,0,0,0,5,1
Cameroon,CMR,1998,0,0,0,1,0,1,0,6,3
Cameroon,CMR,2002,0,0,1,0,1,0,0,10,1
Cameroon,CMR,2006,,,,,,,,,
Cameroon,CMR,2010,1,0,0,0,0,0,0,5,0
Cameroon,CMR,2014,0,1,0,0,0,0,0,4,1
Canada,CAN,1930,,,,,,,,,
Canada,CAN,1934,,,,,,,,,
Canada,CAN,1938,,,,,,,,,
Canada,CAN,1950,,,,,,,,,
Canada,CAN,1954,,,,,,,,,
Canada,CAN,1958,,,,,,,,,
Canada,CAN,1962,,,,,,,,,
Canada,CAN,1966,,,,,,,,,
Canada,CAN,1970,,,,,,,,,
Canada,CAN,1974,,,,,,,,,
Canada,CAN,1978,,,,,,,,,
Canada,CAN,1982,,,,,,,,,
Canada,CAN,1986,0,0,0,0,0,0,0,2,1
Canada,CAN,1990,,,,,,,,,
Canada,CAN,1994,,,,,,,,,
Canada,CAN,1998,,,,,,,,,
Canada,CAN,2002,,,,,,,,,
Canada,CAN,2006,,,,,,,,,
Canada,CAN,2010,,,,,,,,,
Canada,CAN,2014,,,,,,,,,
Chile,CHI,1930,2,0,0,0,2,0,0,0,0
Chile,CHI,1934,,,,,,,,,
Chile,CHI,1938,,,,,,,,,
Chile,CHI,1950,0,1,1,2,0,1,0,0,0
Chile,CHI,1954,,,,,,,,,
Chile,CHI,1958,,,,,,,,,
Chile,CHI,1962,1,1,2,2,1,2,0,0,1
Chile,CHI,1966,0,0,1,0,0,0,0,1,0
Chile,CHI,1970,,,,,,,,,
Chile,CHI,1974,0,0,0,0,1,0,0,5,1
Chile,CHI,1978,,,,,,,,,
Chile,CHI,1982,0,0,0,0,1,1,0,4,0
Chile,CHI,1986,,,,,,,,,
Chile,CHI,1990,,,,,,,,,
Chile,CHI,1994,,,,,,,,,
Chile,CHI,1998,0,1,1,1,2,0,0,13,0
Chile,CHI,2002,,,,,,,,,
Chile,CHI,2006,,,,,,,,,
Chile,CHI,2010,0,0,1,1,1,0,0,15,1
Chile,CHI,2014,2,1,2,0,0,1,0,7,0
China PR,CHN,1930,,,,,,,,,
China PR,CHN,1934,,,,,,,,,
China PR,CHN,1938,,,,,,,,,
China PR,CHN,1950,,,,,,,,,
China PR,CHN,1954,,,,,,,,,
China PR,CHN,1958,,,,,,,,,
China PR,CHN,1962,,,,,,,,,
China PR,CHN,1966,,,,,,,,,
China PR,CHN,1970,,,,,,,,,
China PR,CHN,1974,,,,,,,,,
China PR,CHN,1978,,,,,,,,,
China PR,CHN,1982,,,,,,,,,
China PR,CHN,1986,,,,,,,,,
China PR,CHN,1990,,,,,,,,,
China PR,CHN,1994,,,,,,,,,
China PR,CHN,1998,,,,,,,,,
China PR,CHN,2002,0,0,0,0,0,0,0,5,1
China PR,CHN,2006,,,,,,,,,
China PR,CHN,2010,,,,,,,,,
China PR,CHN,2014,,,,,,,,,
Colombia,COL,1930,,,,,,,,,
Colombia,COL,1934,,,,,,,,,
Colombia,COL,1938,,,,,,,,,
Colombia,COL,1950,,,,,,,,,
Colombia,COL,1954,,,,,,,,,
Colombia,COL,1958,,,,,,,,,
Colombia,COL,1962,0,1,0,0,2,1,0,0,0
Colombia,COL,1966,,,,,,,,,
Colombia,COL,1970,,,,,,,,,
Colombia,COL,1974,,,,,,,,,
Colombia,COL,1978,,,,,,,,,
Colombia,COL,1982,,,,,,,,,
Colombia,COL,1986,,,,,,,,,
Colombia,COL,1990,0,0,0,1,0,2,1,5,0
Colombia,COL,1994,0,0,2,0,0,2,0,7,0
Colombia,COL,1998,0,0,0,0,0,1,0,5,0
Colombia,COL,2002,,,,,,,,,
Colombia,COL,2006,,,,,,,,,
Colombia,COL,2010,,,,,,,,,
Colombia,COL,2014,1,1,0,3,2,3,0,5,0
Costa Rica,CRC,1930,,,,,,,,,
Costa Rica,CRC,1934,,,,,,,,,
Costa Rica,CRC,1938,,,,,,,,,
Costa Rica,CRC,1950,,,,,,,,,
Costa Rica,CRC,1954,,,,,,,,,
Costa Rica,CRC,1958,,,,,,,,,
Costa Rica,CRC,1962,,,,,,,,,
Costa Rica,CRC,1966,,,,,,,,,
Costa Rica,CRC,1970,,,,,,,,,
Costa Rica,CRC,1974,,,,,,,,,
Costa Rica,CRC,1978,,,,,,,,,
Costa Rica,CRC,1982,,,,,,,,,
Costa Rica,CRC,1986,,,,,,,,,
Costa Rica,CRC,1990,0,0,0,2,1,1,0,6,0
Costa Rica,CRC,1994,,,,,,,,,
Costa Rica,CRC,1998,,,,,,,,,
Costa Rica,CRC,2002,0,0,1,1,2,1,0,6,0
Costa Rica,CRC,2006,1,1,0,0,1,0,0,8,0
Costa Rica,CRC,2010,,,,,,,,,
Costa Rica,CRC,2014,0,0,1,3,0,1,0,12,1
Croatia,CRO,1930,,,,,,,,,
Croatia,CRO,1934,,,,,,,,,
Croatia,CRO,1938,,,,,,,,,
Croatia,CRO,1950,,,,,,,,,
Croatia,CRO,1954,,,,,,,,,
Croatia,CRO,1958,,,,,,,,,
Croatia,CRO,1962,,,,,,,,,
Croatia,CRO,1966,,,,,,,,,
Croatia,CRO,1970,,,,,,,,,
Croatia,CRO,1974,,,,,,,,,
Croatia,CRO,1978,,,,,,,,,
Croatia,CRO,1982,,,,,,,,,
Croatia,CRO,1986,,,,,,,,,
Croatia,CRO,1990,,,,,,,,,
Croatia,CRO,1994,,,,,,,,,
Croatia,CRO,1998,1,1,2,2,1,3,0,19,0
Croatia,CRO,2002,0,0,0,0,1,1,0,3,1
Croatia,CRO,2006,1,0,0,1,0,0,0,11,2
Croatia,CRO,2010,,,,,,,,,
Croatia,CRO,2014,1,0,0,1,2,1,0,4,1
Cuba,CUB,1930,,,,,,,,,
Cuba,CUB,1934,,,,,,,,,
Cuba,CUB,1938,0,0,1,2,1,0,1,0,0
Cuba,CUB,1950,,,,,,,,,
Cuba,CUB,1954,,,,,,,,,
Cuba,CUB,1958,,,,,,,,,
Cuba,CUB,1962,,,,,,,,,
Cuba,CUB,1966,,,,,,,,,
Cuba,CUB,1970,,,,,,,,,
Cuba,CUB,1974,,,,,,,,,
Cuba,CUB,1978,,,,,,,,,
Cuba,CUB,1982,,,,,,,,,
Cuba,CUB,1986,,,,,,,,,
Cuba,CUB,1990,,,,,,,,,
Cuba,CUB,1994,,,,,,,,,
Cuba,CUB,1998,,,,,,,,,
Cuba,CUB,2002,,,,,,,,,
Cuba,CUB,2006,,,,,,,,,
Cuba,CUB,2010,,,,,,,,,
Cuba,CUB,2014,,,,,,,,,
Czech Republic,CZE,1930,,,,,,,,,
Czech Republic,CZE,1934,,,,,,,,,
Czech Republic,CZE,1938,,,,,,,,,
Czech Republic,CZE,1950,,,,,,,,,
Czech Republic,CZE,1954,,,,,,,,,
Czech Republic,CZE,1958,,,,,,,,,
Czech Republic,CZE,1962,,,,,,,,,
Czech Republic,CZE,1966,,,,,,,,,
Czech Republic,CZE,1970,,,,,,,,,
Czech Republic,CZE,1974,,,,,,,,,
Czech Republic,CZE,1978,,,,,,,,,
Czech Republic,CZE,1982,,,,,,,,,
Czech Republic,CZE,1986,,,,,,,,,
Czech Republic,CZE,1990,,,,,,,,,
Czech Republic,CZE,1994,,,,,,,,,
Czech Republic,CZE,1998,,,,,,,,,
Czech Republic,CZE,2002,,,,,,,,,
Czech Republic,CZE,2006,1,0,1,0,0,1,0,7,2
Czech Republic,CZE,2010,,,,,,,,,
Czech Republic,CZE,2014,,,,,,,,,
Czechoslovakia,TCH,1930,,,,,,,,,
Czechoslovakia,TCH,1934,0,2,0,2,3,2,0,0,0
Czechoslovakia,TCH,1938,0,1,0,0,0,0,3,0,1
Czechoslovakia,TCH,1950,,,,,,,,,
Czechoslovakia,TCH,1954,0,0,0,0,0,0,0,0,0
Czechoslovakia,TCH,1958,1,2,2,0,1,2,0,0,1
Czechoslovakia,TCH,1962,3,0,0,1,0,2,0,0,0
Czechoslovakia,TCH,1966,,,,,,,,,
Czechoslovakia,TCH,1970,2,0,0,0,0,0,0,3,0
Czechoslovakia,TCH,1974,,,,,,,,,
Czechoslovakia,TCH,1978,,,,,,,,,
Czechoslovakia,TCH,1982,0,0,0,0,0,0,0,2,1
Czechoslovakia,TCH,1986,,,,,,,,,
Czechoslovakia,TCH,1990,1,1,0,1,1,4,0,13,1
Czechoslovakia,TCH,1994,,,,,,,,,
Czechoslovakia,TCH,1998,,,,,,,,,
Czechoslovakia,TCH,2002,,,,,,,,,
Czechoslovakia,TCH,2006,,,,,,,,,
Czechoslovakia,TCH,2010,,,,,,,,,
Czechoslovakia,TCH,2014,,,,,,,,,
C�te d'Ivoire,CIV,1930,,,,,,,,,
C�te d'Ivoire,CIV,1934,,,,,,,,,
C�te d'Ivoire,CIV,1938,,,,,,,,,
C�te d'Ivoire,CIV,1950,,,,,,,,,
C�te d'Ivoire,CIV,1954,,,,,,,,,
C�te d'Ivoire,CIV,1958,,,,,,,,,
C�te d'Ivoire,CIV,1962,,,,,,,,,
C�te d'Ivoire,CIV,1966,,,,,,,,,
C�te d'Ivoire,CIV,1970,,,,,,,,,
C�te d'Ivoire,CIV,1974,,,,,,,,,
C�te d'Ivoire,CIV,1978,,,,,,,,,
C�te d'Ivoire,CIV,1982,,,,,,,,,
C�te d'Ivoire,CIV,1986,,,,,,,,,
C�te d'Ivoire,CIV,1990,,,,,,,,,
C�te d'Ivoire,CIV,1994,,,,,,,,,
C�te d'Ivoire,CIV,1998,,,,,,,,,
C�te d'Ivoire,CIV,2002,,,,,,,,,
C�te d'Ivoire,CIV,2006,0,0,1,0,1,1,0,9,1
C�te d'Ivoire,CIV,2010,1,1,0,0,0,2,0,5,0
C�te d'Ivoire,CIV,2014,0,0,0,0,4,0,0,7,0
Denmark,DEN,1930,,,,,,,,,
Denmark,DEN,1934,,,,,,,,,
Denmark,DEN,1938,,,,,,,,,
Denmark,DEN,1950,,,,,,,,,
Denmark,DEN,1954,,,,,,,,,
Denmark,DEN,1958,,,,,,,,,
Denmark,DEN,1962,,,,,,,,,
Denmark,DEN,1966,,,,,,,,,
Denmark,DEN,1970,,,,,,,,,
Denmark,DEN,1974,,,,,,,,,
Denmark,DEN,1978,,,,,,,,,
Denmark,DEN,1982,,,,,,,,,
Denmark,DEN,1986,1,0,1,2,2,2,0,4,1
Denmark,DEN,1990,,,,,,,,,
Denmark,DEN,1994,,,,,,,,,
Denmark,DEN,1998,4,0,0,2,1,1,0,12,2
Denmark,DEN,2002,0,1,1,0,1,1,0,9,0
Denmark,DEN,2006,,,,,,,,,
Denmark,DEN,2010,0,0,1,0,1,1,0,6,0
Denmark,DEN,2014,,,,,,,,,
Dutch East Indies,INH,1930,,,,,,,,,
Dutch East Indies,INH,1934,,,,,,,,,
Dutch East Indies,INH,1938,0,0,0,0,0,0,0,0,0
Dutch East Indies,INH,1950,,,,,,,,,
Dutch East Indies,INH,1954,,,,,,,,,
Dutch East Indies,INH,1958,,,,,,,,,
Dutch East Indies,INH,1962,,,,,,,,,
Dutch East Indies,INH,1966,,,,,,,,,
Dutch East Indies,INH,1970,,,,,,,,,
Dutch East Indies,INH,1974,,,,,,,,,
Dutch East Indies,INH,1978,,,,,,,,,
Dutch East Indies,INH,1982,,,,,,,,,
Dutch East Indies,INH,1986,,,,,,,,,
Dutch East Indies,INH,1990,,,,,,,,,
Dutch East Indies,INH,1994,,,,,,,,,
Dutch East Indies,INH,1998,,,,,,,,,
Dutch East Indies,INH,2002,,,,,,,,,
Dutch East Indies,INH,2006,,,,,,,,,
Dutch East Indies,INH,2010,,,,,,,,,
Dutch East Indies,INH,2014,,,,,,,,,
Ecuador,ECU,1930,,,,,,,,,
Ecuador,ECU,1934,,,,,,,,,
Ecuador,ECU,1938,,,,,,,,,
Ecuador,ECU,1950,,,,,,,,,
Ecuador,ECU,1954,,,,,,,,,
Ecuador,ECU,1958,,,,,,,,,
Ecuador,ECU,1962,,,,,,,,,
Ecuador,ECU,1966,,,,,,,,,
Ecuador,ECU,1970,,,,,,,,,
Ecuador,ECU,1974,,,,,,,,,
Ecuador,ECU,1978,,,,,,,,,
Ecuador,ECU,1982,,,,,,,,,
Ecuador,ECU,1986,,,,,,,,,
Ecuador,ECU,1990,,,,,,,,,
Ecuador,ECU,1994,,,,,,,,,
Ecuador,ECU,1998,,,,,,,,,
Ecuador,ECU,2002,1,0,0,1,0,0,0,9,0
Ecuador,ECU,2006,1,1,0,1,0,2,0,9,0
Ecuador,ECU,2010,,,,,,,,,
Ecuador,ECU,2014,0,1,1,0,1,0,0,5,1
Egypt,EGY,1930,,,,,,,,,
Egypt,EGY,1934,0,0,2,0,0,0,0,0,0
Egypt,EGY,1938,,,,,,,,,
Egypt,EGY,1950,,,,,,,,,
Egypt,EGY,1954,,,,,,,,,
Egypt,EGY,1958,,,,,,,,,
Egypt,EGY,1962,,,,,,,,,
Egypt,EGY,1966,,,,,,,,,
Egypt,EGY,1970,,,,,,,,,
Egypt,EGY,1974,,,,,,,,,
Egypt,EGY,1978,,,,,,,,,
Egypt,EGY,1982,,,,,,,,,
Egypt,EGY,1986,,,,,,,,,
Egypt,EGY,1990,0,0,0,0,0,0,0,4,0
Egypt,EGY,1994,,,,,,,,,
Egypt,EGY,1998,,,,,,,,,
Egypt,EGY,2002,,,,,,,,,
Egypt,EGY,2006,,,,,,,,,
Egypt,EGY,2010,,,,,,,,,
Egypt,EGY,2014,,,,,,,,,
El Salvador,SLV,1930,,,,,,,,,
El Salvador,SLV,1934,,,,,,,,,
El Salvador,SLV,1938,,,,,,,,,
El Salvador,SLV,1950,,,,,,,,,
El Salvador,SLV,1954,,,,,,,,,
El Salvador,SLV,1958,,,,,,,,,
El Salvador,SLV,1962,,,,,,,,,
El Salvador,SLV,1966,,,,,,,,,
El Salvador,SLV,1970,0,0,0,0,0,0,0,4,0
El Salvador,SLV,1974,,,,,,,,,
El Salvador,SLV,1978,,,,,,,,,
El Salvador,SLV,1982,0,0,0,0,1,0,0,5,0
El Salvador,SLV,1986,,,,,,,,,
El Salvador,SLV,1990,,,,,,,,,
El Salvador,SLV,1994,,,,,,,,,
El Salvador,SLV,1998,,,,,,,,,
El Salvador,SLV,2002,,,,,,,,,
El Salvador,SLV,2006,,,,,,,,,
El Salvador,SLV,2010,,,,,,,,,
El Salvador,SLV,2014,,,,,,,,,
England,ENG,1930,,,,,,,,,
England,ENG,1934,,,,,,,,,
England,ENG,1938,,,,,,,,,
England,ENG,1950,0,0,1,1,0,0,0,0,0
England,ENG,1954,0,2,2,0,3,0,1,0,0
England,ENG,1958,0,0,0,1,2,0,0,0,0
England,ENG,1962,0,0,2,0,1,0,0,0,0
England,ENG,1966,0,2,2,0,2,3,2,2,0
England,ENG,1970,0,0,1,1,1,0,0,2,0
England,ENG,1974,,,,,,,,,
England,ENG,1978,,,,,,,,,
England,ENG,1982,1,1,0,0,2,1,0,3,0
England,ENG,1986,2,0,2,1,1,1,0,8,1
England,ENG,1990,1,1,0,1,0,2,1,6,0
England,ENG,1994,,,,,,,,,
England,ENG,1998,0,3,1,0,0,2,0,5,1
England,ENG,2002,1,3,1,0,0,0,0,6,0
England,ENG,2006,0,0,1,1,0,3,0,9,1
England,ENG,2010,1,1,1,0,0,0,0,6,0
England,ENG,2014,0,0,1,0,1,0,0,4,0
France,FRA,1930,0,1,2,0,0,1,0,0,0
France,FRA,1934,0,1,0,0,0,0,0,0,0
France,FRA,1938,2,1,0,0,1,0,0,0,0
France,FRA,1950,,,,,,,,,
France,FRA,1954,0,1,0,0,0,0,0,0,0
France,FRA,1958,2,4,3,3,5,5,0,0,0
France,FRA,1962,,,,,,,,,
France,FRA,1966,0,0,0,0,1,0,0,0,0
France,FRA,1970,,,,,,,,,
France,FRA,1974,,,,,,,,,
France,FRA,1978,1,1,2,1,0,0,0,3,0
France,FRA,1982,1,1,4,2,3,2,2,6,0
France,FRA,1986,1,2,2,1,2,2,1,6,0
France,FRA,1990,,,,,,,,,
France,FRA,1994,,,,,,,,,
France,FRA,1998,0,1,3,2,2,4,1,13,3
France,FRA,2002,0,0,0,0,0,0,0,3,1
France,FRA,2006,1,0,1,2,1,2,0,16,1
France,FRA,2010,0,0,0,0,1,0,0,6,1
France,FRA,2014,0,2,1,0,3,1,0,5,0
German DR,GDR,1930,,,,,,,,,
German DR,GDR,1934,,,,,,,,,
German DR,GDR,1938,,,,,,,,,
German DR,GDR,1950,,,,,,,,,
German DR,GDR,1954,,,,,,,,,
German DR,GDR,1958,,,,,,,,,
German DR,GDR,1962,,,,,,,,,
German DR,GDR,1966,,,,,,,,,
German DR,GDR,1970,,,,,,,,,
German DR,GDR,1974,1,0,0,1,1,1,0,10,0
German DR,GDR,1978,,,,,,,,,
German DR,GDR,1982,,,,,,,,,
German DR,GDR,1986,,,,,,,,,
German DR,GDR,1990,,,,,,,,,
German DR,GDR,1994,,,,,,,,,
German DR,GDR,1998,,,,,,,,,
German DR,GDR,2002,,,,,,,,,
German DR,GDR,2006,,,,,,,,,
German DR,GDR,2010,,,,,,,,,
German DR,GDR,2014,,,,,,,,,
Germany,GER,1930,,,,,,,,,
Germany,GER,1934,1,2,1,2,4,1,0,0,0
Germany,GER,1938,1,1,0,0,0,0,0,0,1
Germany,GER,1950,,,,,,,,,
Germany,GER,1954,4,3,1,4,2,8,0,0,0
Germany,GER,1958,1,3,2,2,1,3,0,0,1
Germany,GER,1962,0,0,1,1,0,1,0,0,0
Germany,GER,1966,3,1,3,1,3,3,0,4,0
Germany,GER,1970,0,5,1,1,2,4,3,5,0
Germany,GER,1974,1,1,3,3,0,3,0,3,0
Germany,GER,1978,2,2,2,0,3,1,0,4,0
Germany,GER,1982,2,1,0,2,3,2,2,8,0
Germany,GER,1986,1,1,0,1,1,4,0,8,1
Germany,GER,1990,0,1,3,4,3,2,0,8,1
Germany,GER,1994,3,1,2,1,1,0,0,13,0
Germany,GER,1998,1,0,0,2,2,2,0,12,1
Germany,GER,2002,0,3,3,1,3,4,0,18,1
Germany,GER,2006,4,1,1,2,1,4,0,12,0
Germany,GER,2010,2,3,1,2,6,2,0,13,1
Germany,GER,2014,2,4,2,2,2,2,3,6,0
Ghana,GHA,1930,,,,,,,,,
Ghana,GHA,1934,,,,,,,,,
Ghana,GHA,1938,,,,,,,,,
Ghana,GHA,1950,,,,,,,,,
Ghana,GHA,1954,,,,,,,,,
Ghana,GHA,1958,,,,,,,,,
Ghana,GHA,1962,,,,,,,,,
Ghana,GHA,1966,,,,,,,,,
Ghana,GHA,1970,,,,,,,,,
Ghana,GHA,1974,,,,,,,,,
Ghana,GHA,1978,,,,,,,,,
Ghana,GHA,1982,,,,,,,,,
Ghana,GHA,1986,,,,,,,,,
Ghana,GHA,1990,,,,,,,,,
Ghana,GHA,1994,,,,,,,,,
Ghana,GHA,1998,,,,,,,,,
Ghana,GHA,2002,,,,,,,,,
Ghana,GHA,2006,1,1,0,0,0,1,0,18,1
Ghana,GHA,2010,1,0,1,0,0,0,1,11,0
Ghana,GHA,2014,0,0,0,2,1,1,0,6,0
Greece,GRE,1930,,,,,,,,,
Greece,GRE,1934,,,,,,,,,
Greece,GRE,1938,,,,,,,,,
Greece,GRE,1950,,,,,,,,,
Greece,GRE,1954,,,,,,,,,
Greece,GRE,1958,,,,,,,,,
Greece,GRE,1962,,,,,,,,,
Greece,GRE,1966,,,,,,,,,
Greece,GRE,1970,,,,,,,,,
Greece,GRE,1974,,,,,,,,,
Greece,GRE,1978,,,,,,,,,
Greece,GRE,1982,,,,,,,,,
Greece,GRE,1986,,,,,,,,,
Greece,GRE,1990,,,,,,,,,
Greece,GRE,1994,0,0,0,0,0,0,0,8,0
Greece,GRE,1998,,,,,,,,,
Greece,GRE,2002,,,,,,,,,
Greece,GRE,2006,,,,,,,,,
Greece,GRE,2010,0,0,1,0,1,0,0,5,0
Greece,GRE,2014,0,0,1,0,0,1,0,8,1
Haiti,HAI,1930,,,,,,,,,
Haiti,HAI,1934,,,,,,,,,
Haiti,HAI,1938,,,,,,,,,
Haiti,HAI,1950,,,,,,,,,
Haiti,HAI,1954,,,,,,,,,
Haiti,HAI,1958,,,,,,,,,
Haiti,HAI,1962,,,,,,,,,
Haiti,HAI,1966,,,,,,,,,
Haiti,HAI,1970,,,,,,,,,
Haiti,HAI,1974,0,0,0,1,1,0,0,3,0
Haiti,HAI,1978,,,,,,,,,
Haiti,HAI,1982,,,,,,,,,
Haiti,HAI,1986,,,,,,,,,
Haiti,HAI,1990,,,,,,,,,
Haiti,HAI,1994,,,,,,,,,
Haiti,HAI,1998,,,,,,,,,
Haiti,HAI,2002,,,,,,,,,
Haiti,HAI,2006,,,,,,,,,
Haiti,HAI,2010,,,,,,,,,
Haiti,HAI,2014,,,,,,,,,
Honduras,HON,1930,,,,,,,,,
Honduras,HON,1934,,,,,,,,,
Honduras,HON,1938,,,,,,,,,
Honduras,HON,1950,,,,,,,,,
Honduras,HON,1954,,,,,,,,,
Honduras,HON,1958,,,,,,,,,
Honduras,HON,1962,,,,,,,,,
Honduras,HON,1966,,,,,,,,,
Honduras,HON,1970,,,,,,,,,
Honduras,HON,1974,,,,,,,,,
Honduras,HON,1978,,,,,,,,,
Honduras,HON,1982,1,0,0,1,0,0,0,1,1
Honduras,HON,1986,,,,,,,,,
Honduras,HON,1990,,,,,,,,,
Honduras,HON,1994,,,,,,,,,
Honduras,HON,1998,,,,,,,,,
Honduras,HON,2002,,,,,,,,,
Honduras,HON,2006,,,,,,,,,
Honduras,HON,2010,0,0,0,0,0,0,0,7,0
Honduras,HON,2014,0,0,1,0,0,0,0,7,1
Hungary,HUN,1930,,,,,,,,,
Hungary,HUN,1934,1,0,1,1,1,0,0,0,1
Hungary,HUN,1938,3,1,4,0,2,4,0,0,0
Hungary,HUN,1950,,,,,,,,,
Hungary,HUN,1954,7,4,1,5,3,4,2,0,1
Hungary,HUN,1958,1,1,1,2,1,1,0,0,1
Hungary,HUN,1962,4,1,0,1,2,0,0,0,0
Hungary,HUN,1966,1,0,1,3,1,0,0,0,0
Hungary,HUN,1970,,,,,,,,,
Hungary,HUN,1974,,,,,,,,,
Hungary,HUN,1978,1,0,1,0,0,0,0,4,2
Hungary,HUN,1982,2,2,0,2,3,3,0,2,0
Hungary,HUN,1986,1,0,0,0,1,0,0,0,0
Hungary,HUN,1990,,,,,,,,,
Hungary,HUN,1994,,,,,,,,,
Hungary,HUN,1998,,,,,,,,,
Hungary,HUN,2002,,,,,,,,,
Hungary,HUN,2006,,,,,,,,,
Hungary,HUN,2010,,,,,,,,,
Hungary,HUN,2014,,,,,,,,,
Iran,IRN,1930,,,,,,,,,
Iran,IRN,1934,,,,,,,,,
Iran,IRN,1938,,,,,,,,,
Iran,IRN,1950,,,,,,,,,
Iran,IRN,1954,,,,,,,,,
Iran,IRN,1958,,,,,,,,,
Iran,IRN,1962,,,,,,,,,
Iran,IRN,1966,,,,,,,,,
Iran,IRN,1970,,,,,,,,,
Iran,IRN,1974,,,,,,,,,
Iran,IRN,1978,0,0,1,1,0,0,0,3,0
Iran,IRN,1982,,,,,,,,,
Iran,IRN,1986,,,,,,,,,
Iran,IRN,1990,,,,,,,,,
Iran,IRN,1994,,,,,,,,,
Iran,IRN,1998,0,0,1,0,0,1,0,3,0
Iran,IRN,2002,,,,,,,,,
Iran,IRN,2006,0,0,1,0,1,0,0,8,0
Iran,IRN,2010,,,,,,,,,
Iran,IRN,2014,0,0,0,0,0,1,0,4,0
Iraq,IRQ,1930,,,,,,,,,
Iraq,IRQ,1934,,,,,,,,,
Iraq,IRQ,1938,,,,,,,,,
Iraq,IRQ,1950,,,,,,,,,
Iraq,IRQ,1954,,,,,,,,,
Iraq,IRQ,1958,,,,,,,,,
Iraq,IRQ,1962,,,,,,,,,
Iraq,IRQ,1966,,,,,,,,,
Iraq,IRQ,1970,,,,,,,,,
Iraq,IRQ,1974,,,,,,,,,
Iraq,IRQ,1978,,,,,,,,,
Iraq,IRQ,1982,,,,,,,,,
Iraq,IRQ,1986,0,0,0,1,0,0,0,10,1
Iraq,IRQ,1990,,,,,,,,,
Iraq,IRQ,1994,,,,,,,,,
Iraq,IRQ,1998,,,,,,,,,
Iraq,IRQ,2002,,,,,,,,,
Iraq,IRQ,2006,,,,,,,,,
Iraq,IRQ,2010,,,,,,,,,
Iraq,IRQ,2014,,,,,,,,,
Israel,ISR,1930,,,,,,,,,
Israel,ISR,1934,,,,,,,,,
Israel,ISR,1938,,,,,,,,,
Israel,ISR,1950,,,,,,,,,
Israel,ISR,1954,,,,,,,,,
Israel,ISR,1958,,,,,,,,,
Israel,ISR,1962,,,,,,,,,
Israel,ISR,1966,,,,,,,,,
Israel,ISR,1970,0,0,0,1,0,0,0,4,0
Israel,ISR,1974,,,,,,,,,
Israel,ISR,1978,,,,,,,,,
Israel,ISR,1982,,,,,,,,,
Israel,ISR,1986,,,,,,,,,
Israel,ISR,1990,,,,,,,,,
Israel,ISR,1994,,,,,,,,,
Israel,ISR,1998,,,,,,,,,
Israel,ISR,2002,,,,,,,,,
Israel,ISR,2006,,,,,,,,,
Israel,ISR,2010,,,,,,,,,
Israel,ISR,2014,,,,,,,,,
Italy,ITA,1930,,,,,,,,,
Italy,ITA,1934,1,4,1,0,3,2,1,0,0
Italy,ITA,1938,3,1,1,2,1,1,1,0,0
Italy,ITA,1950,2,0,0,0,1,1,0,0,0
Italy,ITA,1954,0,0,1,2,1,1,0,0,0
Italy,ITA,1958,,,,,,,,,
Italy,ITA,1962,1,0,0,0,2,0,0,0,2
Italy,ITA,1966,1,0,0,0,0,1,0,0,0
Italy,ITA,1970,2,0,1,0,2,1,3,6,0
Italy,ITA,1974,0,0,0,1,1,2,0,2,0
Italy,ITA,1978,1,1,3,2,1,0,0,6,0
Italy,ITA,1982,1,3,0,3,4,1,0,11,0
Italy,ITA,1986,0,1,1,0,1,0,0,8,0
Italy,ITA,1990,2,1,1,0,2,3,0,6,0
Italy,ITA,1994,0,3,0,1,1,2,0,11,2
Italy,ITA,1998,2,1,0,1,1,2,0,11,0
Italy,ITA,2002,1,2,0,1,0,1,0,12,1
Italy,ITA,2006,1,3,1,1,1,2,2,11,2
Italy,ITA,2010,0,0,0,0,1,2,0,5,0
Italy,ITA,2014,0,0,1,1,0,0,0,3,1
Jamaica,JAM,1930,,,,,,,,,
Jamaica,JAM,1934,,,,,,,,,
Jamaica,JAM,1938,,,,,,,,,
Jamaica,JAM,1950,,,,,,,,,
Jamaica,JAM,1954,,,,,,,,,
Jamaica,JAM,1958,,,,,,,,,
Jamaica,JAM,1962,,,,,,,,,
Jamaica,JAM,1966,,,,,,,,,
Jamaica,JAM,1970,,,,,,,,,
Jamaica,JAM,1974,,,,,,,,,
Jamaica,JAM,1978,,,,,,,,,
Jamaica,JAM,1982,,,,,,,,,
Jamaica,JAM,1986,,,,,,,,,
Jamaica,JAM,1990,,,,,,,,,
Jamaica,JAM,1994,,,,,,,,,
Jamaica,JAM,1998,0,0,2,1,0,0,0,6,1
Jamaica,JAM,2002,,,,,,,,,
Jamaica,JAM,2006,,,,,,,,,
Jamaica,JAM,2010,,,,,,,,,
Jamaica,JAM,2014,,,,,,,,,
Japan,JPN,1930,,,,,,,,,
Japan,JPN,1934,,,,,,,,,
Japan,JPN,1938,,,,,,,,,
Japan,JPN,1950,,,,,,,,,
Japan,JPN,1954,,,,,,,,,
Japan,JPN,1958,,,,,,,,,
Japan,JPN,1962,,,,,,,,,
Japan,JPN,1966,,,,,,,,,
Japan,JPN,1970,,,,,,,,,
Japan,JPN,1974,,,,,,,,,
Japan,JPN,1978,,,,,,,,,
Japan,JPN,1982,,,,,,,,,
Japan,JPN,1986,,,,,,,,,
Japan,JPN,1990,,,,,,,,,
Japan,JPN,1994,,,,,,,,,
Japan,JPN,1998,0,0,0,0,1,0,0,7,0
Japan,JPN,2002,0,0,0,3,2,0,0,6,0
Japan,JPN,2006,0,1,1,0,0,0,0,7,0
Japan,JPN,2010,0,2,1,0,0,1,0,7,0
Japan,JPN,2014,0,1,1,0,0,0,0,4,0
Korea DPR,PRK,1930,,,,,,,,,
Korea DPR,PRK,1934,,,,,,,,,
Korea DPR,PRK,1938,,,,,,,,,
Korea DPR,PRK,1950,,,,,,,,,
Korea DPR,PRK,1954,,,,,,,,,
Korea DPR,PRK,1958,,,,,,,,,
Korea DPR,PRK,1962,,,,,,,,,
Korea DPR,PRK,1966,1,2,1,0,0,1,0,0,0
Korea DPR,PRK,1970,,,,,,,,,
Korea DPR,PRK,1974,,,,,,,,,
Korea DPR,PRK,1978,,,,,,,,,
Korea DPR,PRK,1982,,,,,,,,,
Korea DPR,PRK,1986,,,,,,,,,
Korea DPR,PRK,1990,,,,,,,,,
Korea DPR,PRK,1994,,,,,,,,,
Korea DPR,PRK,1998,,,,,,,,,
Korea DPR,PRK,2002,,,,,,,,,
Korea DPR,PRK,2006,,,,,,,,,
Korea DPR,PRK,2010,0,0,0,0,0,1,0,2,0
Korea DPR,PRK,2014,,,,,,,,,
Korea Republic,KOR,1930,,,,,,,,,
Korea Republic,KOR,1934,,,,,,,,,
Korea Republic,KOR,1938,,,,,,,,,
Korea Republic,KOR,1950,,,,,,,,,
Korea Republic,KOR,1954,0,0,0,0,0,0,0,0,0
Korea Republic,KOR,1958,,,,,,,,,
Korea Republic,KOR,1962,,,,,,,,,
Korea Republic,KOR,1966,,,,,,,,,
Korea Republic,KOR,1970,,,,,,,,,
Korea Republic,KOR,1974,,,,,,,,,
Korea Republic,KOR,1978,,,,,,,,,
Korea Republic,KOR,1982,,,,,,,,,
Korea Republic,KOR,1986,0,0,0,0,3,1,0,7,0
Korea Republic,KOR,1990,0,0,1,0,0,0,0,6,1
Korea Republic,KOR,1994,0,0,0,1,1,2,0,6,0
Korea Republic,KOR,1998,0,1,0,0,1,0,0,7,1
Korea Republic,KOR,2002,1,2,0,1,1,3,0,14,0
Korea Republic,KOR,2006,0,0,0,1,1,1,0,9,0
Korea Republic,KOR,2010,1,0,2,2,1,0,0,6,0
Korea Republic,KOR,2014,0,0,0,1,2,0,0,6,0
Kuwait,KUW,1930,,,,,,,,,
Kuwait,KUW,1934,,,,,,,,,
Kuwait,KUW,1938,,,,,,,,,
Kuwait,KUW,1950,,,,,,,,,
Kuwait,KUW,1954,,,,,,,,,
Kuwait,KUW,1958,,,,,,,,,
Kuwait,KUW,1962,,,,,,,,,
Kuwait,KUW,1966,,,,,,,,,
Kuwait,KUW,1970,,,,,,,,,
Kuwait,KUW,1974,,,,,,,,,
Kuwait,KUW,1978,,,,,,,,,
Kuwait,KUW,1982,0,0,0,1,1,0,0,3,0
Kuwait,KUW,1986,,,,,,,,,
Kuwait,KUW,1990,,,,,,,,,
Kuwait,KUW,1994,,,,,,,,,
Kuwait,KUW,1998,,,,,,,,,
Kuwait,KUW,2002,,,,,,,,,
Kuwait,KUW,2006,,,,,,,,,
Kuwait,KUW,2010,,,,,,,,,
Kuwait,KUW,2014,,,,,,,,,
Mexico,MEX,1930,0,0,0,0,3,0,0,0,0
Mexico,MEX,1934,,,,,,,,,
Mexico,MEX,1938,,,,,,,,,
Mexico,MEX,1950,0,0,0,0,0,1,0,0,0
Mexico,MEX,1954,0,0,0,1,0,1,0,0,0
Mexico,MEX,1958,0,0,0,0,0,1,0,0,0
Mexico,MEX,1962,1,1,0,0,0,0,0,0,0
Mexico,MEX,1966,0,0,0,1,0,0,0,0,0
Mexico,MEX,1970,1,0,1,2,0,1,0,3,0
Mexico,MEX,1974,,,,,,,,,
Mexico,MEX,1978,0,0,0,1,0,0,0,1,0
Mexico,MEX,1982,,,,,,,,,
Mexico,MEX,1986,1,1,2,1,1,0,0,10,1
Mexico,MEX,1990,,,,,,,,,
Mexico,MEX,1994,0,0,1,1,1,0,0,11,1
Mexico,MEX,1998,0,0,0,2,3,2,0,10,2
Mexico,MEX,2002,0,1,1,1,0,0,0,8,1
Mexico,MEX,2006,1,2,0,0,0,2,0,12,1
Mexico,MEX,2010,0,0,0,0,2,1,0,9,0
Mexico,MEX,2014,0,0,0,1,3,1,0,8,0
Morocco,MAR,1930,,,,,,,,,
Morocco,MAR,1934,,,,,,,,,
Morocco,MAR,1938,,,,,,,,,
Morocco,MAR,1950,,,,,,,,,
Morocco,MAR,1954,,,,,,,,,
Morocco,MAR,1958,,,,,,,,,
Morocco,MAR,1962,,,,,,,,,
Morocco,MAR,1966,,,,,,,,,
Morocco,MAR,1970,0,1,0,0,1,0,0,0,0
Morocco,MAR,1974,,,,,,,,,
Morocco,MAR,1978,,,,,,,,,
Morocco,MAR,1982,,,,,,,,,
Morocco,MAR,1986,0,2,0,0,1,0,0,5,0
Morocco,MAR,1990,,,,,,,,,
Morocco,MAR,1994,0,1,0,1,0,0,0,10,0
Morocco,MAR,1998,0,1,1,2,0,1,0,4,0
Morocco,MAR,2002,,,,,,,,,
Morocco,MAR,2006,,,,,,,,,
Morocco,MAR,2010,,,,,,,,,
Morocco,MAR,2014,,,,,,,,,
Netherlands,NED,1930,,,,,,,,,
Netherlands,NED,1934,0,1,0,0,1,0,0,0,0
Netherlands,NED,1938,0,0,0,0,0,0,0,0,0
Netherlands,NED,1950,,,,,,,,,
Netherlands,NED,1954,,,,,,,,,
Netherlands,NED,1958,,,,,,,,,
Netherlands,NED,1962,,,,,,,,,
Netherlands,NED,1966,,,,,,,,,
Netherlands,NED,1970,,,,,,,,,
Netherlands,NED,1974,3,1,0,2,3,3,0,11,0
Netherlands,NED,1978,1,1,1,2,3,3,0,8,1
Netherlands,NED,1982,,,,,,,,,
Netherlands,NED,1986,,,,,,,,,
Netherlands,NED,1990,1,0,0,1,0,0,0,5,1
Netherlands,NED,1994,1,0,2,1,1,3,0,12,0
Netherlands,NED,1998,2,2,3,0,1,5,0,11,2
Netherlands,NED,2002,,,,,,,,,
Netherlands,NED,2006,0,3,0,0,0,0,0,16,2
Netherlands,NED,2010,0,2,1,2,3,3,0,24,1
Netherlands,NED,2014,0,2,1,2,3,5,0,11,0
New Zealand,NZL,1930,,,,,,,,,
New Zealand,NZL,1934,,,,,,,,,
New Zealand,NZL,1938,,,,,,,,,
New Zealand,NZL,1950,,,,,,,,,
New Zealand,NZL,1954,,,,,,,,,
New Zealand,NZL,1958,,,,,,,,,
New Zealand,NZL,1962,,,,,,,,,
New Zealand,NZL,1966,,,,,,,,,
New Zealand,NZL,1970,,,,,,,,,
New Zealand,NZL,1974,,,,,,,,,
New Zealand,NZL,1978,,,,,,,,,
New Zealand,NZL,1982,0,0,0,1,1,0,0,0,0
New Zealand,NZL,1986,,,,,,,,,
New Zealand,NZL,1990,,,,,,,,,
New Zealand,NZL,1994,,,,,,,,,
New Zealand,NZL,1998,,,,,,,,,
New Zealand,NZL,2002,,,,,,,,,
New Zealand,NZL,2006,,,,,,,,,
New Zealand,NZL,2010,1,0,0,0,0,1,0,6,0
New Zealand,NZL,2014,,,,,,,,,
Nigeria,NGA,1930,,,,,,,,,
Nigeria,NGA,1934,,,,,,,,,
Nigeria,NGA,1938,,,,,,,,,
Nigeria,NGA,1950,,,,,,,,,
Nigeria,NGA,1954,,,,,,,,,
Nigeria,NGA,1958,,,,,,,,,
Nigeria,NGA,1962,,,,,,,,,
Nigeria,NGA,1966,,,,,,,,,
Nigeria,NGA,1970,,,,,,,,,
Nigeria,NGA,1974,,,,,,,,,
Nigeria,NGA,1978,,,,,,,,,
Nigeria,NGA,1982,,,,,,,,,
Nigeria,NGA,1986,,,,,,,,,
Nigeria,NGA,1990,,,,,,,,,
Nigeria,NGA,1994,1,2,2,1,0,1,0,9,0
Nigeria,NGA,1998,1,2,0,0,0,2,0,8,0
Nigeria,NGA,2002,0,1,0,0,0,0,0,2,0
Nigeria,NGA,2006,,,,,,,,,
Nigeria,NGA,2010,1,1,0,0,0,0,0,5,1
Nigeria,NGA,2014,1,1,0,1,0,0,0,3,0
Northern Ireland,NIR,1930,,,,,,,,,
Northern Ireland,NIR,1934,,,,,,,,,
Northern Ireland,NIR,1938,,,,,,,,,
Northern Ireland,NIR,1950,,,,,,,,,
Northern Ireland,NIR,1954,,,,,,,,,
Northern Ireland,NIR,1958,1,2,1,1,0,0,1,0,0
Northern Ireland,NIR,1962,,,,,,,,,
Northern Ireland,NIR,1966,,,,,,,,,
Northern Ireland,NIR,1970,,,,,,,,,
Northern Ireland,NIR,1974,,,,,,,,,
Northern Ireland,NIR,1978,,,,,,,,,
Northern Ireland,NIR,1982,1,1,0,1,2,0,0,4,1
Northern Ireland,NIR,1986,1,0,0,1,0,0,0,5,0
Northern Ireland,NIR,1990,,,,,,,,,
Northern Ireland,NIR,1994,,,,,,,,,
Northern Ireland,NIR,1998,,,,,,,,,
Northern Ireland,NIR,2002,,,,,,,,,
Northern Ireland,NIR,2006,,,,,,,,,
Northern Ireland,NIR,2010,,,,,,,,,
Northern Ireland,NIR,2014,,,,,,,,,
Norway,NOR,1930,,,,,,,,,
Norway,NOR,1934,,,,,,,,,
Norway,NOR,1938,0,0,0,0,0,1,0,0,0
Norway,NOR,1950,,,,,,,,,
Norway,NOR,1954,,,,,,,,,
Norway,NOR,1958,,,,,,,,,
Norway,NOR,1962,,,,,,,,,
Norway,NOR,1966,,,,,,,,,
Norway,NOR,1970,,,,,,,,,
Norway,NOR,1974,,,,,,,,,
Norway,NOR,1978,,,,,,,,,
Norway,NOR,1982,,,,,,,,,
Norway,NOR,1986,,,,,,,,,
Norway,NOR,1990,,,,,,,,,
Norway,NOR,1994,0,0,0,0,0,1,0,6,0
Norway,NOR,1998,0,0,0,1,1,1,0,7,0
Norway,NOR,2002,,,,,,,,,
Norway,NOR,2006,,,,,,,,,
Norway,NOR,2010,,,,,,,,,
Norway,NOR,2014,,,,,,,,,
Paraguay,PAR,1930,0,0,1,0,0,0,0,0,0
Paraguay,PAR,1934,,,,,,,,,
Paraguay,PAR,1938,,,,,,,,,
Paraguay,PAR,1950,0,0,1,0,1,0,0,0,0
Paraguay,PAR,1954,,,,,,,,,
Paraguay,PAR,1958,1,2,1,2,1,1,0,0,0
Paraguay,PAR,1962,,,,,,,,,
Paraguay,PAR,1966,,,,,,,,,
Paraguay,PAR,1970,,,,,,,,,
Paraguay,PAR,1974,,,,,,,,,
Paraguay,PAR,1978,,,,,,,,,
Paraguay,PAR,1982,,,,,,,,,
Paraguay,PAR,1986,0,0,1,1,0,2,0,5,0
Paraguay,PAR,1990,,,,,,,,,
Paraguay,PAR,1994,,,,,,,,,
Paraguay,PAR,1998,1,0,0,1,0,1,0,8,0
Paraguay,PAR,2002,0,0,1,1,2,1,0,11,2
Paraguay,PAR,2006,0,0,0,0,0,1,0,8,0
Paraguay,PAR,2010,0,1,1,0,0,1,0,9,0
Paraguay,PAR,2014,,,,,,,,,
Peru,PER,1930,0,0,0,0,1,0,0,0,1
Peru,PER,1934,,,,,,,,,
Peru,PER,1938,,,,,,,,,
Peru,PER,1950,,,,,,,,,
Peru,PER,1954,,,,,,,,,
Peru,PER,1958,,,,,,,,,
Peru,PER,1962,,,,,,,,,
Peru,PER,1966,,,,,,,,,
Peru,PER,1970,0,1,1,2,5,0,0,0,0
Peru,PER,1974,,,,,,,,,
Peru,PER,1978,1,0,1,0,1,2,0,7,0
Peru,PER,1982,0,0,0,0,0,2,0,2,0
Peru,PER,1986,,,,,,,,,
Peru,PER,1990,,,,,,,,,
Peru,PER,1994,,,,,,,,,
Peru,PER,1998,,,,,,,,,
Peru,PER,2002,,,,,,,,,
Peru,PER,2006,,,,,,,,,
Peru,PER,2010,,,,,,,,,
Peru,PER,2014,,,,,,,,,
Poland,POL,1930,,,,,,,,,
Poland,POL,1934,,,,,,,,,
Poland,POL,1938,0,0,0,2,0,1,1,0,0
Poland,POL,1950,,,,,,,,,
Poland,POL,1954,,,,,,,,,
Poland,POL,1958,,,,,,,,,
Poland,POL,1962,,,,,,,,,
Poland,POL,1966,,,,,,,,,
Poland,POL,1970,,,,,,,,,
Poland,POL,1974,2,3,5,1,2,2,0,5,0
Poland,POL,1978,0,0,3,1,1,1,0,3,0
Poland,POL,1982,1,1,2,4,2,1,0,10,0
Poland,POL,1986,0,0,0,0,1,0,0,5,0
Poland,POL,1990,,,,,,,,,
Poland,POL,1994,,,,,,,,,
Poland,POL,1998,,,,,,,,,
Poland,POL,2002,2,0,0,0,1,0,0,9,0
Poland,POL,2006,0,0,1,0,1,0,0,10,1
Poland,POL,2010,,,,,,,,,
Poland,POL,2014,,,,,,,,,
Portugal,POR,1930,,,,,,,,,
Portugal,POR,1934,,,,,,,,,
Portugal,POR,1938,,,,,,,,,
Portugal,POR,1950,,,,,,,,,
Portugal,POR,1954,,,,,,,,,
Portugal,POR,1958,,,,,,,,,
Portugal,POR,1962,,,,,,,,,
Portugal,POR,1966,2,2,1,1,1,5,0,2,0
Portugal,POR,1970,,,,,,,,,
Portugal,POR,1974,,,,,,,,,
Portugal,POR,1978,,,,,,,,,
Portugal,POR,1982,,,,,,,,,
Portugal,POR,1986,0,0,0,0,1,1,0,2,0
Portugal,POR,1990,,,,,,,,,
Portugal,POR,1994,,,,,,,,,
Portugal,POR,1998,,,,,,,,,
Portugal,POR,2002,1,0,1,0,1,2,0,8,2
Portugal,POR,2006,2,1,0,0,1,1,0,24,2
Portugal,POR,2010,0,1,0,3,0,3,0,8,1
Portugal,POR,2014,1,0,0,0,0,2,0,2,1
Republic of Ireland,IRL,1930,,,,,,,,,
Republic of Ireland,IRL,1934,,,,,,,,,
Republic of Ireland,IRL,1938,,,,,,,,,
Republic of Ireland,IRL,1950,,,,,,,,,
Republic of Ireland,IRL,1954,,,,,,,,,
Republic of Ireland,IRL,1958,,,,,,,,,
Republic of Ireland,IRL,1962,,,,,,,,,
Republic of Ireland,IRL,1966,,,,,,,,,
Republic of Ireland,IRL,1970,,,,,,,,,
Republic of Ireland,IRL,1974,,,,,,,,,
Republic of Ireland,IRL,1978,,,,,,,,,
Republic of Ireland,IRL,1982,,,,,,,,,
Republic of Ireland,IRL,1986,,,,,,,,,
Republic of Ireland,IRL,1990,0,0,0,0,2,0,0,4,0
Republic of Ireland,IRL,1994,1,0,0,0,0,1,0,8,0
Republic of Ireland,IRL,1998,,,,,,,,,
Republic of Ireland,IRL,2002,1,0,0,1,1,2,0,4,0
Republic of Ireland,IRL,2006,,,,,,,,,
Republic of Ireland,IRL,2010,,,,,,,,,
Republic of Ireland,IRL,2014,,,,,,,,,
Romania,ROU,1930,1,0,0,0,0,2,0,0,0
Romania,ROU,1934,1,0,0,0,0,0,0,0,0
Romania,ROU,1938,0,0,2,0,0,1,1,0,0
Romania,ROU,1950,,,,,,,,,
Romania,ROU,1954,,,,,,,,,
Romania,ROU,1958,,,,,,,,,
Romania,ROU,1962,,,,,,,,,
Romania,ROU,1966,,,,,,,,,
Romania,ROU,1970,0,0,1,1,0,1,0,3,0
Romania,ROU,1974,,,,,,,,,
Romania,ROU,1978,,,,,,,,,
Romania,ROU,1982,,,,,,,,,
Romania,ROU,1986,,,,,,,,,
Romania,ROU,1990,0,0,1,0,1,1,0,7,0
Romania,ROU,1994,2,2,2,1,0,2,1,12,1
Romania,ROU,1998,0,0,1,1,1,1,0,10,0
Romania,ROU,2002,,,,,,,,,
Romania,ROU,2006,,,,,,,,,
Romania,ROU,2010,,,,,,,,,
Romania,ROU,2014,,,,,,,,,
Russia,RUS,1930,,,,,,,,,
Russia,RUS,1934,,,,,,,,,
Russia,RUS,1938,,,,,,,,,
Russia,RUS,1950,,,,,,,,,
Russia,RUS,1954,,,,,,,,,
Russia,RUS,1958,,,,,,,,,
Russia,RUS,1962,,,,,,,,,
Russia,RUS,1966,,,,,,,,,
Russia,RUS,1970,,,,,,,,,
Russia,RUS,1974,,,,,,,,,
Russia,RUS,1978,,,,,,,,,
Russia,RUS,1982,,,,,,,,,
Russia,RUS,1986,,,,,,,,,
Russia,RUS,1990,,,,,,,,,
Russia,RUS,1994,1,0,1,0,2,1,0,9,1
Russia,RUS,1998,,,,,,,,,
Russia,RUS,2002,0,0,0,2,0,1,0,9,0
Russia,RUS,2006,,,,,,,,,
Russia,RUS,2010,,,,,,,,,
Russia,RUS,2014,1,0,0,0,1,0,0,4,0
Saudi Arabia,KSA,1930,,,,,,,,,
Saudi Arabia,KSA,1934,,,,,,,,,
Saudi Arabia,KSA,1938,,,,,,,,,
Saudi Arabia,KSA,1950,,,,,,,,,
Saudi Arabia,KSA,1954,,,,,,,,,
Saudi Arabia,KSA,1958,,,,,,,,,
Saudi Arabia,KSA,1962,,,,,,,,,
Saudi Arabia,KSA,1966,,,,,,,,,
Saudi Arabia,KSA,1970,,,,,,,,,
Saudi Arabia,KSA,1974,,,,,,,,,
Saudi Arabia,KSA,1978,,,,,,,,,
Saudi Arabia,KSA,1982,,,,,,,,,
Saudi Arabia,KSA,1986,,,,,,,,,
Saudi Arabia,KSA,1990,,,,,,,,,
Saudi Arabia,KSA,1994,1,1,1,0,0,1,0,10,0
Saudi Arabia,KSA,1998,0,0,0,0,0,0,0,4,1
Saudi Arabia,KSA,2002,0,0,0,0,0,0,0,3,0
Saudi Arabia,KSA,2006,0,0,0,1,0,1,0,5,0
Saudi Arabia,KSA,2010,,,,,,,,,
Saudi Arabia,KSA,2014,,,,,,,,,
Scotland,SCO,1930,,,,,,,,,
Scotland,SCO,1934,,,,,,,,,
Scotland,SCO,1938,,,,,,,,,
Scotland,SCO,1950,,,,,,,,,
Scotland,SCO,1954,0,0,0,0,0,0,0,0,0
Scotland,SCO,1958,0,1,0,1,1,1,0,0,0
Scotland,SCO,1962,,,,,,,,,
Scotland,SCO,1966,,,,,,,,,
Scotland,SCO,1970,,,,,,,,,
Scotland,SCO,1974,0,1,1,0,0,1,0,3,0
Scotland,SCO,1978,1,0,1,0,1,0,0,1,0
Scotland,SCO,1982,1,3,1,0,1,2,0,1,0
Scotland,SCO,1986,0,1,0,0,0,0,0,5,0
Scotland,SCO,1990,1,0,0,0,0,0,0,3,0
Scotland,SCO,1994,,,,,,,,,
Scotland,SCO,1998,0,0,0,0,1,0,0,4,1
Scotland,SCO,2002,,,,,,,,,
Scotland,SCO,2006,,,,,,,,,
Scotland,SCO,2010,,,,,,,,,
Scotland,SCO,2014,,,,,,,,,
Senegal,SEN,1930,,,,,,,,,
Senegal,SEN,1934,,,,,,,,,
Senegal,SEN,1938,,,,,,,,,
Senegal,SEN,1950,,,,,,,,,
Senegal,SEN,1954,,,,,,,,,
Senegal,SEN,1958,,,,,,,,,
Senegal,SEN,1962,,,,,,,,,
Senegal,SEN,1966,,,,,,,,,
Senegal,SEN,1970,,,,,,,,,
Senegal,SEN,1974,,,,,,,,,
Senegal,SEN,1978,,,,,,,,,
Senegal,SEN,1982,,,,,,,,,
Senegal,SEN,1986,,,,,,,,,
Senegal,SEN,1990,,,,,,,,,
Senegal,SEN,1994,,,,,,,,,
Senegal,SEN,1998,,,,,,,,,
Senegal,SEN,2002,0,2,2,1,0,0,1,14,1
Senegal,SEN,2006,,,,,,,,,
Senegal,SEN,2010,,,,,,,,,
Senegal,SEN,2014,,,,,,,,,
Serbia,SRB,1930,,,,,,,,,
Serbia,SRB,1934,,,,,,,,,
Serbia,SRB,1938,,,,,,,,,
Serbia,SRB,1950,,,,,,,,,
Serbia,SRB,1954,,,,,,,,,
Serbia,SRB,1958,,,,,,,,,
Serbia,SRB,1962,,,,,,,,,
Serbia,SRB,1966,,,,,,,,,
Serbia,SRB,1970,,,,,,,,,
Serbia,SRB,1974,,,,,,,,,
Serbia,SRB,1978,,,,,,,,,
Serbia,SRB,1982,,,,,,,,,
Serbia,SRB,1986,,,,,,,,,
Serbia,SRB,1990,,,,,,,,,
Serbia,SRB,1994,,,,,,,,,
Serbia,SRB,1998,,,,,,,,,
Serbia,SRB,2002,,,,,,,,,
Serbia,SRB,2006,,,,,,,,,
Serbia,SRB,2010,0,0,1,0,0,1,0,10,1
Serbia,SRB,2014,,,,,,,,,
Serbia and Montenegro,SCG,1930,,,,,,,,,
Serbia and Montenegro,SCG,1934,,,,,,,,,
Serbia and Montenegro,SCG,1938,,,,,,,,,
Serbia and Montenegro,SCG,1950,,,,,,,,,
Serbia and Montenegro,SCG,1954,,,,,,,,,
Serbia and Montenegro,SCG,1958,,,,,,,,,
Serbia and Montenegro,SCG,1962,,,,,,,,,
Serbia and Montenegro,SCG,1966,,,,,,,,,
Serbia and Montenegro,SCG,1970,,,,,,,,,
Serbia and Montenegro,SCG,1974,,,,,,,,,
Serbia and Montenegro,SCG,1978,,,,,,,,,
Serbia and Montenegro,SCG,1982,,,,,,,,,
Serbia and Montenegro,SCG,1986,,,,,,,,,
Serbia and Montenegro,SCG,1990,,,,,,,,,
Serbia and Montenegro,SCG,1994,,,,,,,,,
Serbia and Montenegro,SCG,1998,,,,,,,,,
Serbia and Montenegro,SCG,2002,,,,,,,,,
Serbia and Montenegro,SCG,2006,1,1,0,0,0,0,0,12,2
Serbia and Montenegro,SCG,2010,,,,,,,,,
Serbia and Montenegro,SCG,2014,,,,,,,,,
Slovakia,SVK,1930,,,,,,,,,
Slovakia,SVK,1934,,,,,,,,,
Slovakia,SVK,1938,,,,,,,,,
Slovakia,SVK,1950,,,,,,,,,
Slovakia,SVK,1954,,,,,,,,,
Slovakia,SVK,1958,,,,,,,,,
Slovakia,SVK,1962,,,,,,,,,
Slovakia,SVK,1966,,,,,,,,,
Slovakia,SVK,1970,,,,,,,,,
Slovakia,SVK,1974,,,,,,,,,
Slovakia,SVK,1978,,,,,,,,,
Slovakia,SVK,1982,,,,,,,,,
Slovakia,SVK,1986,,,,,,,,,
Slovakia,SVK,1990,,,,,,,,,
Slovakia,SVK,1994,,,,,,,,,
Slovakia,SVK,1998,,,,,,,,,
Slovakia,SVK,2002,,,,,,,,,
Slovakia,SVK,2006,,,,,,,,,
Slovakia,SVK,2010,0,1,0,1,1,1,0,11,0
Slovakia,SVK,2014,,,,,,,,,
Slovenia,SVN,1930,,,,,,,,,
Slovenia,SVN,1934,,,,,,,,,
Slovenia,SVN,1938,,,,,,,,,
Slovenia,SVN,1950,,,,,,,,,
Slovenia,SVN,1954,,,,,,,,,
Slovenia,SVN,1958,,,,,,,,,
Slovenia,SVN,1962,,,,,,,,,
Slovenia,SVN,1966,,,,,,,,,
Slovenia,SVN,1970,,,,,,,,,
Slovenia,SVN,1974,,,,,,,,,
Slovenia,SVN,1978,,,,,,,,,
Slovenia,SVN,1982,,,,,,,,,
Slovenia,SVN,1986,,,,,,,,,
Slovenia,SVN,1990,,,,,,,,,
Slovenia,SVN,1994,,,,,,,,,
Slovenia,SVN,1998,,,,,,,,,
Slovenia,SVN,2002,0,0,1,0,0,1,0,10,1
Slovenia,SVN,2006,,,,,,,,,
Slovenia,SVN,2010,1,0,1,0,0,1,0,9,0
Slovenia,SVN,2014,,,,,,,,,
South Africa,RSA,1930,,,,,,,,,
South Africa,RSA,1934,,,,,,,,,
South Africa,RSA,1938,,,,,,,,,
South Africa,RSA,1950,,,,,,,,,
South Africa,RSA,1954,,,,,,,,,
South Africa,RSA,1958,,,,,,,,,
South Africa,RSA,1962,,,,,,,,,
South Africa,RSA,1966,,,,,,,,,
South Africa,RSA,1970,,,,,,,,,
South Africa,RSA,1974,,,,,,,,,
South Africa,RSA,1978,,,,,,,,,
South Africa,RSA,1982,,,,,,,,,
South Africa,RSA,1986,,,,,,,,,
South Africa,RSA,1990,,,,,,,,,
South Africa,RSA,1994,,,,,,,,,
South Africa,RSA,1998,0,1,0,1,0,0,0,7,1
South Africa,RSA,2002,1,0,1,1,1,0,0,10,0
South Africa,RSA,2006,,,,,,,,,
South Africa,RSA,2010,0,1,1,1,0,0,0,4,1
South Africa,RSA,2014,,,,,,,,,
Soviet Union,URS,1930,,,,,,,,,
Soviet Union,URS,1934,,,,,,,,,
Soviet Union,URS,1938,,,,,,,,,
Soviet Union,URS,1950,,,,,,,,,
Soviet Union,URS,1954,,,,,,,,,
Soviet Union,URS,1958,2,0,0,1,2,0,0,0,0
Soviet Union,URS,1962,3,1,1,2,0,2,0,0,0
Soviet Union,URS,1966,1,1,3,2,0,3,0,3,1
Soviet Union,URS,1970,1,0,0,2,2,1,0,6,0
Soviet Union,URS,1974,,,,,,,,,
Soviet Union,URS,1978,,,,,,,,,
Soviet Union,URS,1982,0,1,1,3,1,1,0,4,0
Soviet Union,URS,1986,2,1,0,2,3,1,0,2,0
Soviet Union,URS,1990,0,2,0,1,1,0,0,3,1
Soviet Union,URS,1994,,,,,,,,,
Soviet Union,URS,1998,,,,,,,,,
Soviet Union,URS,2002,,,,,,,,,
Soviet Union,URS,2006,,,,,,,,,
Soviet Union,URS,2010,,,,,,,,,
Soviet Union,URS,2014,,,,,,,,,
Spain,ESP,1930,,,,,,,,,
Spain,ESP,1934,0,3,0,0,0,0,0,0,0
Spain,ESP,1938,,,,,,,,,
Spain,ESP,1950,0,2,2,1,1,4,0,0,0
Spain,ESP,1954,,,,,,,,,
Spain,ESP,1958,,,,,,,,,
Spain,ESP,1962,0,0,1,0,0,1,0,0,0
Spain,ESP,1966,0,1,0,1,2,0,0,1,0
Spain,ESP,1970,,,,,,,,,
Spain,ESP,1974,,,,,,,,,
Spain,ESP,1978,0,1,0,0,1,0,0,1,0
Spain,ESP,1982,0,0,0,0,1,1,0,6,0
Spain,ESP,1986,2,1,1,1,2,2,0,8,0
Spain,ESP,1990,0,1,1,0,1,2,0,4,0
Spain,ESP,1994,2,0,0,3,3,0,0,13,1
Spain,ESP,1998,0,2,0,2,0,2,0,7,0
Spain,ESP,2002,2,0,2,2,2,0,0,7,0
Spain,ESP,2006,1,1,1,0,1,2,0,6,0
Spain,ESP,2010,0,2,1,1,2,1,1,8,0
Spain,ESP,2014,0,0,1,0,1,1,0,3,0
Sweden,SWE,1930,,,,,,,,,
Sweden,SWE,1934,1,0,0,0,1,2,0,0,0
Sweden,SWE,1938,2,2,3,0,0,4,0,0,0
Sweden,SWE,1950,2,3,3,0,1,1,0,0,0
Sweden,SWE,1954,,,,,,,,,
Sweden,SWE,1958,1,1,2,2,1,4,0,0,0
Sweden,SWE,1962,,,,,,,,,
Sweden,SWE,1966,,,,,,,,,
Sweden,SWE,1970,0,0,0,1,0,1,0,2,0
Sweden,SWE,1974,0,2,0,2,1,2,0,5,0
Sweden,SWE,1978,0,0,1,0,0,0,0,1,0
Sweden,SWE,1982,,,,,,,,,
Sweden,SWE,1986,,,,,,,,,
Sweden,SWE,1990,0,0,1,0,0,2,0,4,0
Sweden,SWE,1994,3,2,2,2,1,3,1,14,2
Sweden,SWE,1998,,,,,,,,,
Sweden,SWE,2002,1,0,1,2,0,0,0,6,0
Sweden,SWE,2006,0,0,0,1,0,2,0,10,1
Sweden,SWE,2010,,,,,,,,,
Sweden,SWE,2014,,,,,,,,,
Switzerland,SUI,1930,,,,,,,,,
Switzerland,SUI,1934,1,1,1,0,1,1,0,0,0
Switzerland,SUI,1938,0,0,2,0,2,1,0,0,0
Switzerland,SUI,1950,1,1,1,0,0,1,0,0,0
Switzerland,SUI,1954,1,4,1,2,0,3,0,0,0
Switzerland,SUI,1958,,,,,,,,,
Switzerland,SUI,1962,1,0,0,0,1,0,0,0,0
Switzerland,SUI,1966,0,1,0,0,0,0,0,0,0
Switzerland,SUI,1970,,,,,,,,,
Switzerland,SUI,1974,,,,,,,,,
Switzerland,SUI,1978,,,,,,,,,
Switzerland,SUI,1982,,,,,,,,,
Switzerland,SUI,1986,,,,,,,,,
Switzerland,SUI,1990,,,,,,,,,
Switzerland,SUI,1994,0,1,1,1,2,0,0,8,0
Switzerland,SUI,1998,,,,,,,,,
Switzerland,SUI,2002,,,,,,,,,
Switzerland,SUI,2006,0,2,0,0,0,2,0,12,0
Switzerland,SUI,2010,0,0,0,1,0,0,0,8,1
Switzerland,SUI,2014,1,0,1,1,1,3,0,3,0
Togo,TOG,1930,,,,,,,,,
Togo,TOG,1934,,,,,,,,,
Togo,TOG,1938,,,,,,,,,
Togo,TOG,1950,,,,,,,,,
Togo,TOG,1954,,,,,,,,,
Togo,TOG,1958,,,,,,,,,
Togo,TOG,1962,,,,,,,,,
Togo,TOG,1966,,,,,,,,,
Togo,TOG,1970,,,,,,,,,
Togo,TOG,1974,,,,,,,,,
Togo,TOG,1978,,,,,,,,,
Togo,TOG,1982,,,,,,,,,
Togo,TOG,1986,,,,,,,,,
Togo,TOG,1990,,,,,,,,,
Togo,TOG,1994,,,,,,,,,
Togo,TOG,1998,,,,,,,,,
Togo,TOG,2002,,,,,,,,,
Togo,TOG,2006,0,0,1,0,0,0,0,10,1
Togo,TOG,2010,,,,,,,,,
Togo,TOG,2014,,,,,,,,,
Trinidad and Tobago,TRI,1930,,,,,,,,,
Trinidad and Tobago,TRI,1934,,,,,,,,,
Trinidad and Tobago,TRI,1938,,,,,,,,,
Trinidad and Tobago,TRI,1950,,,,,,,,,
Trinidad and Tobago,TRI,1954,,,,,,,,,
Trinidad and Tobago,TRI,1958,,,,,,,,,
Trinidad and Tobago,TRI,1962,,,,,,,,,
Trinidad and Tobago,TRI,1966,,,,,,,,,
Trinidad and Tobago,TRI,1970,,,,,,,,,
Trinidad and Tobago,TRI,1974,,,,,,,,,
Trinidad and Tobago,TRI,1978,,,,,,,,,
Trinidad and Tobago,TRI,1982,,,,,,,,,
Trinidad and Tobago,TRI,1986,,,,,,,,,
Trinidad and Tobago,TRI,1990,,,,,,,,,
Trinidad and Tobago,TRI,1994,,,,,,,,,
Trinidad and Tobago,TRI,1998,,,,,,,,,
Trinidad and Tobago,TRI,2002,,,,,,,,,
Trinidad and Tobago,TRI,2006,0,0,0,0,0,0,0,10,1
Trinidad and Tobago,TRI,2010,,,,,,,,,
Trinidad and Tobago,TRI,2014,,,,,,,,,
Tunisia,TUN,1930,,,,,,,,,
Tunisia,TUN,1934,,,,,,,,,
Tunisia,TUN,1938,,,,,,,,,
Tunisia,TUN,1950,,,,,,,,,
Tunisia,TUN,1954,,,,,,,,,
Tunisia,TUN,1958,,,,,,,,,
Tunisia,TUN,1962,,,,,,,,,
Tunisia,TUN,1966,,,,,,,,,
Tunisia,TUN,1970,,,,,,,,,
Tunisia,TUN,1974,,,,,,,,,
Tunisia,TUN,1978,0,0,0,1,0,2,0,1,0
Tunisia,TUN,1982,,,,,,,,,
Tunisia,TUN,1986,,,,,,,,,
Tunisia,TUN,1990,,,,,,,,,
Tunisia,TUN,1994,,,,,,,,,
Tunisia,TUN,1998,0,0,0,0,0,0,0,7,0
Tunisia,TUN,2002,0,1,0,0,0,0,0,8,0
Tunisia,TUN,2006,1,1,0,0,0,1,0,14,1
Tunisia,TUN,2010,,,,,,,,,
Tunisia,TUN,2014,,,,,,,,,
Turkey,TUR,1930,,,,,,,,,
Turkey,TUR,1934,,,,,,,,,
Turkey,TUR,1938,,,,,,,,,
Turkey,TUR,1950,,,,,,,,,
Turkey,TUR,1954,2,3,1,0,2,2,0,0,0
Turkey,TUR,1958,,,,,,,,,
Turkey,TUR,1962,,,,,,,,,
Turkey,TUR,1966,,,,,,,,,
Turkey,TUR,1970,,,,,,,,,
Turkey,TUR,1974,,,,,,,,,
Turkey,TUR,1978,,,,,,,,,
Turkey,TUR,1982,,,,,,,,,
Turkey,TUR,1986,,,,,,,,,
Turkey,TUR,1990,,,,,,,,,
Turkey,TUR,1994,,,,,,,,,
Turkey,TUR,1998,,,,,,,,,
Turkey,TUR,2002,6,0,2,1,0,1,0,19,2
Turkey,TUR,2006,,,,,,,,,
Turkey,TUR,2010,,,,,,,,,
Turkey,TUR,2014,,,,,,,,,
USA,USA,1930,2,1,1,1,1,1,0,0,0
USA,USA,1934,0,0,0,1,0,0,0,0,0
USA,USA,1938,,,,,,,,,
USA,USA,1950,0,1,1,1,0,0,0,0,0
USA,USA,1954,,,,,,,,,
USA,USA,1958,,,,,,,,,
USA,USA,1962,,,,,,,,,
USA,USA,1966,,,,,,,,,
USA,USA,1970,,,,,,,,,
USA,USA,1974,,,,,,,,,
USA,USA,1978,,,,,,,,,
USA,USA,1982,,,,,,,,,
USA,USA,1986,,,,,,,,,
USA,USA,1990,0,0,0,1,0,1,0,7,1
USA,USA,1994,0,0,1,1,0,0,0,9,1
USA,USA,1998,0,0,0,0,0,1,0,4,0
USA,USA,2002,2,1,1,0,1,1,0,14,0
USA,USA,2006,0,0,1,0,0,0,0,5,2
USA,USA,2010,0,0,1,1,0,2,0,9,0
USA,USA,2014,1,0,0,0,1,2,1,4,0
Ukraine,UKR,1930,,,,,,,,,
Ukraine,UKR,1934,,,,,,,,,
Ukraine,UKR,1938,,,,,,,,,
Ukraine,UKR,1950,,,,,,,,,
Ukraine,UKR,1954,,,,,,,,,
Ukraine,UKR,1958,,,,,,,,,
Ukraine,UKR,1962,,,,,,,,,
Ukraine,UKR,1966,,,,,,,,,
Ukraine,UKR,1970,,,,,,,,,
Ukraine,UKR,1974,,,,,,,,,
Ukraine,UKR,1978,,,,,,,,,
Ukraine,UKR,1982,,,,,,,,,
Ukraine,UKR,1986,,,,,,,,,
Ukraine,UKR,1990,,,,,,,,,
Ukraine,UKR,1994,,,,,,,,,
Ukraine,UKR,1998,,,,,,,,,
Ukraine,UKR,2002,,,,,,,,,
Ukraine,UKR,2006,1,0,1,1,0,1,0,12,1
Ukraine,UKR,2010,,,,,,,,,
Ukraine,UKR,2014,,,,,,,,,
United Arab Emirates,UAE,1930,,,,,,,,,
United Arab Emirates,UAE,1934,,,,,,,,,
United Arab Emirates,UAE,1938,,,,,,,,,
United Arab Emirates,UAE,1950,,,,,,,,,
United Arab Emirates,UAE,1954,,,,,,,,,
United Arab Emirates,UAE,1958,,,,,,,,,
United Arab Emirates,UAE,1962,,,,,,,,,
United Arab Emirates,UAE,1966,,,,,,,,,
United Arab Emirates,UAE,1970,,,,,,,,,
United Arab Emirates,UAE,1974,,,,,,,,,
United Arab Emirates,UAE,1978,,,,,,,,,
United Arab Emirates,UAE,1982,,,,,,,,,
United Arab Emirates,UAE,1986,,,,,,,,,
United Arab Emirates,UAE,1990,0,1,0,1,0,0,0,7,1
United Arab Emirates,UAE,1994,,,,,,,,,
United Arab Emirates,UAE,1998,,,,,,,,,
United Arab Emirates,UAE,2002,,,,,,,,,
United Arab Emirates,UAE,2006,,,,,,,,,
United Arab Emirates,UAE,2010,,,,,,,,,
United Arab Emirates,UAE,2014,,,,,,,,,
Uruguay,URU,1930,2,4,2,2,4,1,0,0,0
Uruguay,URU,1934,,,,,,,,,
Uruguay,URU,1938,,,,,,,,,
Uruguay,URU,1950,1,3,2,2,2,5,0,0,0
Uruguay,URU,1954,1,3,1,4,2,5,0,0,0
Uruguay,URU,1958,,,,,,,,,
Uruguay,URU,1962,0,1,0,2,1,0,0,0,1
Uruguay,URU,1966,0,1,1,0,0,0,0,1,2
Uruguay,URU,1970,0,2,0,1,0,0,1,7,0
Uruguay,URU,1974,0,0,0,0,0,1,0,5,1
Uruguay,URU,1978,,,,,,,,,
Uruguay,URU,1982,,,,,,,,,
Uruguay,URU,1986,1,0,0,0,0,0,0,11,2
Uruguay,URU,1990,0,0,0,0,1,1,0,9,0
Uruguay,URU,1994,,,,,,,,,
Uruguay,URU,1998,,,,,,,,,
Uruguay,URU,2002,0,0,1,1,1,0,0,10,0
Uruguay,URU,2006,,,,,,,,,
Uruguay,URU,2010,1,2,2,2,0,3,0,11,2
Uruguay,URU,2014,0,0,1,0,0,2,0,8,1
Wales,WAL,1930,,,,,,,,,
Wales,WAL,1934,,,,,,,,,
Wales,WAL,1938,,,,,,,,,
Wales,WAL,1950,,,,,,,,,
Wales,WAL,1954,,,,,,,,,
Wales,WAL,1958,0,1,1,1,0,1,0,0,0
Wales,WAL,1962,,,,,,,,,
Wales,WAL,1966,,,,,,,,,
Wales,WAL,1970,,,,,,,,,
Wales,WAL,1974,,,,,,,,,
Wales,WAL,1978,,,,,,,,,
Wales,WAL,1982,,,,,,,,,
Wales,WAL,1986,,,,,,,,,
Wales,WAL,1990,,,,,,,,,
Wales,WAL,1994,,,,,,,,,
Wales,WAL,1998,,,,,,,,,
Wales,WAL,2002,,,,,,,,,
Wales,WAL,2006,,,,,,,,,
Wales,WAL,2010,,,,,,,,,
Wales,WAL,2014,,,,,,,,,
Yugoslavia,YUG,1930,1,2,0,1,2,1,0,0,0
Yugoslavia,YUG,1934,,,,,,,,,
Yugoslavia,YUG,1938,,,,,,,,,
Yugoslavia,YUG,1950,0,2,0,2,1,2,0,0,0
Yugoslavia,YUG,1954,1,0,0,1,0,0,0,0,0
Yugoslavia,YUG,1958,2,2,0,0,2,1,0,0,0
Yugoslavia,YUG,1962,0,3,0,1,2,3,0,0,1
Yugoslavia,YUG,1966,,,,,,,,,
Yugoslavia,YUG,1970,,,,,,,,,
Yugoslavia,YUG,1974,2,4,2,0,2,2,0,10,0
Yugoslavia,YUG,1978,,,,,,,,,
Yugoslavia,YUG,1982,1,0,0,0,0,0,0,3,0
Yugoslavia,YUG,1986,,,,,,,,,
Yugoslavia,YUG,1990,2,0,0,2,1,2,1,8,1
Yugoslavia,YUG,1994,,,,,,,,,
Yugoslavia,YUG,1998,2,0,0,2,1,0,0,7,0
Yugoslavia,YUG,2002,,,,,,,,,
Yugoslavia,YUG,2006,,,,,,,,,
Yugoslavia,YUG,2010,,,,,,,,,
Yugoslavia,YUG,2014,,,,,,,,,
Zaire,ZAI,1930,,,,,,,,,
Zaire,ZAI,1934,,,,,,,,,
Zaire,ZAI,1938,,,,,,,,,
Zaire,ZAI,1950,,,,,,,,,
Zaire,ZAI,1954,,,,,,,,,
Zaire,ZAI,1958,,,,,,,,,
Zaire,ZAI,1962,,,,,,,,,
Zaire,ZAI,1966,,,,,,,,,
Zaire,ZAI,1970,,,,,,,,,
Zaire,ZAI,1974,0,0,0,0,0,0,0,2,1
Zaire,ZAI,1978,,,,,,,,,
Zaire,ZAI,1982,,,,,,,,,
Zaire,ZAI,1986,,,,,,,,,
Zaire,ZAI,1990,,,,,,,,,
Zaire,ZAI,1994,,,,,,,,,
Zaire,ZAI,1998,,,,,,,,,
Zaire,ZAI,2002,,,,,,,,,
Zaire,ZAI,2006,,,,,,,,,
Zaire,ZAI,2010,,,,,,,,,
Zaire,ZAI,2014,,,,,,,,,
